{
  "classification_report": {
    "CAR": {
      "precision": 0.9283182355257975,
      "recall": 0.9484527785602189,
      "f1-score": 0.9382775024382477,
      "support": 49702.0
    },
    "INFRASTRUCTURE": {
      "precision": 0.9979932064655371,
      "recall": 0.9977213074477427,
      "f1-score": 0.9978572384346832,
      "support": 3288728.0
    },
    "PEDESTRIAN": {
      "precision": 0.9393241306753252,
      "recall": 0.9352863619123305,
      "f1-score": 0.937300897770055,
      "support": 55367.0
    },
    "TWO-WHEELER": {
      "precision": 0.9114422265954456,
      "recall": 0.9150437482359582,
      "f1-score": 0.9132394366197183,
      "support": 14172.0
    },
    "accuracy": 0.9956446200068134,
    "macro avg": {
      "precision": 0.9442694498155264,
      "recall": 0.9491260490390626,
      "f1-score": 0.9466687688156761,
      "support": 3407969.0
    },
    "weighted avg": {
      "precision": 0.9956639843946666,
      "recall": 0.9956446200068134,
      "f1-score": 0.9956526237684715,
      "support": 3407969.0
    }
  },
  "confusion_matrix": [
    [
      47140,
      2209,
      56,
      297
    ],
    [
      3350,
      3281234,
      3234,
      910
    ],
    [
      29,
      3501,
      51784,
      53
    ],
    [
      261,
      888,
      55,
      12968
    ]
  ],
  "labels": [
    "CAR",
    "INFRASTRUCTURE",
    "PEDESTRIAN",
    "TWO-WHEELER"
  ]
}