{
  "classification_report": {
    "CAR": {
      "precision": 0.8351959166867019,
      "recall": 0.7888101612390698,
      "f1-score": 0.8113405912240216,
      "support": 1532569.0
    },
    "INFRASTRUCTURE": {
      "precision": 0.9921990264844452,
      "recall": 0.9945798880327997,
      "f1-score": 0.9933880307028867,
      "support": 50900978.0
    },
    "PEDESTRIAN": {
      "precision": 0.8624458284303878,
      "recall": 0.8055813953488372,
      "f1-score": 0.8330443340194468,
      "support": 373025.0
    },
    "TWO-WHEELER": {
      "precision": 0.8655346545601985,
      "recall": 0.750868703233921,
      "f1-score": 0.8041345380036186,
      "support": 93818.0
    },
    "accuracy": 0.9868536318919388,
    "macro avg": {
      "precision": 0.8888438565404333,
      "recall": 0.834960036963657,
      "f1-score": 0.8604768734874934,
      "support": 52900390.0
    },
    "weighted avg": {
      "precision": 0.9865109269500388,
      "recall": 0.9868536318919388,
      "f1-score": 0.986647667278192,
      "support": 52900390.0
    }
  },
  "confusion_matrix": [
    [
      1208906,
      317894,
      3713,
      2056
    ],
    [
      225664,
      50625089,
      42809,
      7416
    ],
    [
      4569,
      66482,
      300502,
      1472
    ],
    [
      8313,
      13654,
      1406,
      70445
    ]
  ],
  "labels": [
    "CAR",
    "INFRASTRUCTURE",
    "PEDESTRIAN",
    "TWO-WHEELER"
  ]
}