{
  "classification_report": {
    "CAR": {
<<<<<<< HEAD
      "precision": 0.8372895226326849,
      "recall": 0.8007258690629492,
      "f1-score": 0.8185996103166476,
      "support": 1282876.0
    },
    "INFRASTRUCTURE": {
      "precision": 0.9922416821696225,
      "recall": 0.9942156333510542,
      "f1-score": 0.9932276769984473,
      "support": 36623370.0
    },
    "PEDESTRIAN": {
      "precision": 0.771203672014978,
      "recall": 0.5840168308076958,
      "f1-score": 0.6646828667354924,
      "support": 65594.0
    },
    "TWO-WHEELER": {
      "precision": 0.5874748331037406,
      "recall": 0.5603112840466926,
      "f1-score": 0.57357163179267,
      "support": 19789.0
    },
    "accuracy": 0.9867477648826272,
    "macro avg": {
      "precision": 0.7970524274802565,
      "recall": 0.7348174043170979,
      "f1-score": 0.7625204464608143,
      "support": 37991629.0
    },
    "weighted avg": {
      "precision": 0.9864168962665922,
      "recall": 0.9867477648826272,
      "f1-score": 0.9865451181264535,
      "support": 37991629.0
=======
      "precision": 0.8351959166867019,
      "recall": 0.7888101612390698,
      "f1-score": 0.8113405912240216,
      "support": 1532569.0
    },
    "INFRASTRUCTURE": {
      "precision": 0.9921990264844452,
      "recall": 0.9945798880327997,
      "f1-score": 0.9933880307028867,
      "support": 50900978.0
    },
    "PEDESTRIAN": {
      "precision": 0.8624458284303878,
      "recall": 0.8055813953488372,
      "f1-score": 0.8330443340194468,
      "support": 373025.0
    },
    "TWO-WHEELER": {
      "precision": 0.8655346545601985,
      "recall": 0.750868703233921,
      "f1-score": 0.8041345380036186,
      "support": 93818.0
    },
    "accuracy": 0.9868536318919388,
    "macro avg": {
      "precision": 0.8888438565404333,
      "recall": 0.834960036963657,
      "f1-score": 0.8604768734874934,
      "support": 52900390.0
    },
    "weighted avg": {
      "precision": 0.9865109269500388,
      "recall": 0.9868536318919388,
      "f1-score": 0.986647667278192,
      "support": 52900390.0
>>>>>>> 6f8229930961599f0ea1d6389b3ddc61c9661f93
    }
  },
  "confusion_matrix": [
    [
<<<<<<< HEAD
      1027232,
      254125,
      659,
      860
    ],
    [
      194342,
      36411527,
      10632,
      6869
    ],
    [
      1798,
      25431,
      38308,
      57
    ],
    [
      3482,
      5145,
      74,
      11088
=======
      1208906,
      317894,
      3713,
      2056
    ],
    [
      225664,
      50625089,
      42809,
      7416
    ],
    [
      4569,
      66482,
      300502,
      1472
    ],
    [
      8313,
      13654,
      1406,
      70445
>>>>>>> 6f8229930961599f0ea1d6389b3ddc61c9661f93
    ]
  ],
  "labels": [
    "CAR",
    "INFRASTRUCTURE",
    "PEDESTRIAN",
    "TWO-WHEELER"
  ]
}