{
  "classification_report": {
    "CAR": {
      "precision": 0.8372895226326849,
      "recall": 0.8007258690629492,
      "f1-score": 0.8185996103166476,
      "support": 1282876.0
    },
    "INFRASTRUCTURE": {
      "precision": 0.9922416821696225,
      "recall": 0.9942156333510542,
      "f1-score": 0.9932276769984473,
      "support": 36623370.0
    },
    "PEDESTRIAN": {
      "precision": 0.771203672014978,
      "recall": 0.5840168308076958,
      "f1-score": 0.6646828667354924,
      "support": 65594.0
    },
    "TWO-WHEELER": {
      "precision": 0.5874748331037406,
      "recall": 0.5603112840466926,
      "f1-score": 0.57357163179267,
      "support": 19789.0
    },
    "accuracy": 0.9867477648826272,
    "macro avg": {
      "precision": 0.7970524274802565,
      "recall": 0.7348174043170979,
      "f1-score": 0.7625204464608143,
      "support": 37991629.0
    },
    "weighted avg": {
      "precision": 0.9864168962665922,
      "recall": 0.9867477648826272,
      "f1-score": 0.9865451181264535,
      "support": 37991629.0
    }
  },
  "confusion_matrix": [
    [
      1027232,
      254125,
      659,
      860
    ],
    [
      194342,
      36411527,
      10632,
      6869
    ],
    [
      1798,
      25431,
      38308,
      57
    ],
    [
      3482,
      5145,
      74,
      11088
    ]
  ],
  "labels": [
    "CAR",
    "INFRASTRUCTURE",
    "PEDESTRIAN",
    "TWO-WHEELER"
  ]
}